Rating Area,Rating Area Group
1,A5
2,A5
3,A5
4,A3
5,A3
6,A4
7,A3
8,A4
9,A4
10,A4
11,A5
12,A4
13,A4
14,A4
15,A2
16,A2
17,A4
18,A4
19,A4
20,A4
21,A4
22,A4
23,A4
24,A4
25,A4
26,A4
27,A4
28,A4
29,A4
30,A4
31,A4
32,A4
33,A4
34,A4
35,A4
36,A4
37,A4
38,A4
39,A4
40,A4
41,A4
42,A4
43,A4
44,A4
45,A4
46,A4
47,A4
48,A4
49,A4
50,A4
51,A4
52,A4
53,A4
54,A4
55,A5
56,A4
57,A2
58,A4
59,A5
60,A4
61,A4
62,A5
63,A5
64,A4
65,A4
66,A4
67,A4
68,A4
69,A3
70,A3
71,A4
72,A3
73,A4
74,A4
75,A5
76,A3
77,A4
78,A5
79,A4
80,A5
81,A5
82,A5
83,A3
84,A3
85,A5
86,A3
87,A3
88,A4
89,A3
90,A5
91,A3
92,A4
93,A5
94,A3
95,A3
96,A3
97,A3
98,A5
99,A3
100,A3
101,A3
102,A3
103,A3
104,A3
105,A5
106,A3
107,A3
108,A3
109,A3
110,A5
111,A4
112,A3
113,A3
114,A3
115,A3
116,A3
117,A3
118,A3
119,A3
120,A4
121,A5
122,A3
123,A3
124,A4
125,A3
126,A3
127,A3
128,A3
129,A3
130,A4
131,A3
132,A3
133,A3
134,A3
135,A4
136,A3
137,A4
138,A3
139,A4
140,A3
141,A4
142,A3
143,A3
144,A3
145,A3
146,A4
147,A4
148,A5
149,A4
150,A4
151,A4
152,A3
153,A4
154,A3
155,A3
156,A4
157,A4
158,A3
159,A2
160,A4
161,A2
162,A3
163,A2
164,A3
165,A4
166,A4
167,A4
168,A4
169,A2
170,A2
171,A2
172,A3
173,A2
174,A4
175,A2
176,A2
177,A2
178,A4
179,A2
180,A2
181,A2
182,A2
183,A2
184,A2
185,A2
186,A2
187,A4
188,A2
189,A2
190,A3
191,A4
192,A3
193,A4
194,A3
195,A2
196,A4
197,A2
198,A4
199,A4
200,A4
201,A4
202,A4
203,A4
204,A4
205,A4
206,A4
207,A4
208,A4
209,A2
210,A2
211,A2
212,A4
213,A2
214,A3
215,A3
216,A3
217,A3
218,A2
219,A3
220,A4
221,A3
222,A2
223,A4
224,A4
225,A1
226,A3
227,A2
228,A3
229,A1
230,A2
231,A2
232,A2
233,A4
234,A2
235,A2
236,A2
237,A2
238,A5
239,A3
240,A2
241,A2
242,A3
243,A3
244,A2
245,A2
246,A2
247,A2
248,A3
249,A2
250,A2
251,A2
252,A2
253,A3
254,A3
255,A4
256,A2
257,A2
258,A2
259,A2
260,A3
261,A2
262,A3
263,A2
264,A3
265,A2
266,A3
267,A3
268,A3
269,A3
270,A3
271,A2
272,A3
273,A2
274,A3
275,A2
276,A3
277,A3
278,A3
279,A3
280,A3
281,A3
282,A3
283,A2
284,A2
285,A3
286,A3
287,A3
288,A2
289,A2
290,A2
291,A5
292,A2
293,A2
294,A5
295,A2
296,A3
297,A2
298,A5
299,A2
300,A3
301,A3
302,A2
303,A3
304,A3
305,A5
306,A3
307,A3
308,A3
309,A5
310,A5
311,A3
312,A3
313,A2
314,A3
315,A5
316,A3
317,A3
318,A3
319,A3
320,A2
321,A2
322,A3
323,A3
324,A2
325,A3
326,A2
327,A3
328,A3
329,A5
330,A4
331,A3
332,A3
333,A2
334,A3
335,A3
336,A2
337,A3
338,A5
339,A3
340,A3
341,A3
342,A2
343,A2
344,A5
345,A3
346,A2
347,A3
348,A3
349,A3
350,A3
351,A5
352,A3
353,A5
354,A2
355,A3
356,A2
357,A3
358,A3
359,A5
360,A3
361,A5
362,A5
363,A5
364,A3
365,A2
366,A5
367,A2
368,A5
369,A3
370,A3
371,A3
372,A5
373,A3
374,A3
375,A1
376,A5
377,A3
378,A3
379,A5
380,A3
381,A3
382,A3
383,A3
384,A5
385,A2
386,A3
387,A2
388,A2
389,A3
390,A2
391,A2
392,A5
393,A3
394,A3
395,A2
396,A3
397,A3
398,A3
399,A3
400,A3
401,A3
402,A3
403,A3
404,A3
405,A3
406,A3
407,A3
408,A3
409,A3
410,A3
411,A3
412,A2
413,A3
414,A3
415,A3
416,A3
417,A3
418,A3
419,A3
420,A3
421,A3
422,A3
423,A1
424,A3
425,A3
426,A3
427,A5
428,A3
429,A5
430,A1
431,A3
432,A3
433,A3
434,A3
435,A3
436,A3
437,A3
438,A3
439,A2
440,A3
441,A3
442,A3
443,A3
444,A3
445,A3
446,A5
447,A2
448,A3
449,A2
450,A3
451,A3
452,A3
453,A1
454,A3
455,A3
456,A3
457,A3
458,A3
459,A3
460,A3
461,A3
462,A3
463,A3
464,A5
465,A3
466,A3
467,A3
468,A3
469,A2
470,A3
471,A3
472,A3
473,A3
474,A4
475,A3
476,A3
477,A3
478,A3
479,A3
480,A3
481,A3
482,A1
483,A3
484,A2
485,A3
486,A3
487,A3
488,A3
489,A3
490,A2
491,A3
492,A3
493,A3
494,A3
495,A3
496,A3
497,A3
498,A3
499,A3
500,A3
501,A3
502,A3
503,A3
504,A3
505,A3
506,A3
507,A3
508,A3
509,A3
510,A3
511,A3
512,A3
513,A3
514,A3
515,A3
516,A3
517,A3
518,A3
519,A3
520,A3
521,A3
522,A3
523,A3
524,A1
525,A3
526,A3
527,A3
528,A3
529,A3
530,A3
531,A3
532,A3
533,A3
534,A3
535,A2
536,A4
537,A3
538,A3
539,A2
540,A3
541,A3
542,A3
543,A3
544,A3
545,A3
546,A3
547,A3
548,A5
549,A3
550,A3
551,A3
552,A2
553,A3
554,A3
555,A3
556,A3
557,A3
558,A3
559,A2
560,A3
561,A3
562,A3
563,A3
564,A3
565,A2
566,A3
567,A3
568,A3
569,A3
570,A3
571,A3
572,A3
573,A3
574,A3
575,A3
576,A3
577,A5
578,A3
579,A3
580,A2
581,A3
582,A3
583,A3
584,A3
585,A3
586,A3
587,A3
588,A3
589,A1
590,A3
591,A2
592,A3
593,A2
594,A1
595,A3
596,A3
597,A3
598,A3
599,A3
600,A1
601,A1
602,A5
603,A2
604,A3
605,A2
606,A3
607,A5
608,A3
609,A3
610,A5
611,A2
612,A2
613,A2
614,A3
615,A1
616,A1
617,A2
618,A5
619,A2
620,A3
621,A2
622,A3
623,A1
624,A3
625,A3
626,A2
627,A3
628,A5
629,A3
630,A3
631,A1
632,A4
633,A2
634,A2
635,A4
636,A2
637,A2
638,A1
639,A3
640,A2
641,A2
642,A2
643,A3
644,A2
645,A4
646,A2
647,A4
648,A5
649,A2
650,A5
651,A2
652,A2
653,A4
654,A3
655,A5
656,A5
657,A2
658,A2
659,A2
660,A3
661,A2
662,A5
663,A5
664,A3
665,A4
666,A3
667,A3
668,A5
669,A2
670,A2
671,A2
672,A2
673,A2
674,A3
675,A2
676,A5
677,A1
678,A4
679,A2
680,A5
681,A2
682,A2
683,A2
684,A2
685,A2
686,A4
687,A4
688,A3
689,A2
690,A4
691,A5
692,A3
693,A4
694,A2
695,A3
696,A4
697,A4
698,A4
699,A2
700,A2
701,A2
702,A1
703,A2
704,A4
705,A2
706,A3
707,A2
708,A2
709,A4
710,A5
711,A4
712,A3
713,A3
714,A4
715,A2
716,A2
717,A4
718,A1
719,A1
720,A3
721,A5
722,A4
723,A4
724,A4
725,A4
726,A1
727,A1
728,A1
729,A2
730,A2
731,A2
732,A1
733,A1
734,A3
735,A3
736,A1
737,A2
738,A1
739,A3
740,A2
741,A2
742,A1
743,A2
744,A1
745,A1
746,A2
747,A1
748,A2
749,A1
750,A2
751,A2
752,A1
753,A4
754,A2
755,A1
756,A2
757,A4
758,A4
759,A1
760,A1
761,A4
762,A2
763,A2
764,A2
765,A2
766,A2
767,A2
768,A3
769,A4
770,A3
771,A3
772,A1
773,A2
774,A2
775,A2
776,A2
777,A2
778,A1
779,A2
780,A2
781,A2
782,A1
783,A2
784,A1
785,A2
786,A2
787,A3
788,A4
789,A2
790,A2
791,A1
792,A2
793,A4
794,A2
795,A1
796,A2
797,A2
798,A1
799,A4
800,A1
801,A2
802,A1
803,A2
804,A4
805,A3
806,A4
807,A1
808,A1
809,A3
810,A2
811,A4
812,A3
813,A1
814,A4
815,A1
816,A2
817,A2
818,A2
819,A2
820,A3
821,A2
822,A2
823,A2
824,A2
825,A4
826,A1
827,A4
828,A1
829,A1
830,A2
831,A3
832,A3
833,A2
834,A2
835,A1
836,A2
837,A2
838,A1
839,A1
840,A2
841,A1
842,A2
843,A5
844,A2
845,A2
846,A4
847,A1
848,A1
849,A2
850,A2
851,A2
852,A2
853,A1
854,A3
855,A1
856,A1
857,A4
858,A2
859,A1
860,A3
861,A1
862,A2
863,A2
864,A1
865,A4
866,A1
867,A2
868,A4
869,A5
870,A2
871,A2
872,A1
873,A5
874,A2
875,A5
876,A1
877,A4
878,A3
879,A5
880,A3
881,A5
882,A5
883,A1
884,A2
885,A5
886,A1
887,A1
888,A1
889,A1
890,A1
891,A3
892,A3
893,A2
894,A3
895,A4
896,A2
897,A1
898,A1
899,A1
900,A4
901,A2
902,A1
903,A1
904,A1
905,A3
906,A1
907,A5
908,A5
909,A1
910,A1
911,A1
912,A3
913,A1
914,A1
915,A1
916,A2
917,A3
918,A3
919,A4
920,A1
921,A3
922,A1
923,A1
924,A1
925,A1
926,A2
927,A1
928,A1
929,A1
930,A1
931,A1
932,A2
933,A1
934,A3
935,A2
936,A5
937,A2
938,A5
939,A1
940,A1
941,A1
942,A5
943,A5
944,A1
945,A1
946,A5
947,A1
948,A1
949,A2
950,A1
951,A1
952,A1
953,A1
954,A1
955,A1
956,A1
957,A1
958,A3
959,A1
960,A1
961,A1
962,A1
963,A3
964,A2
965,A2
966,A1
967,A1
968,A1
969,A1
970,A1
971,A1
972,A1
973,A1
974,A3
975,A1
976,A1
977,A1
978,A1
979,A3
980,A1
981,A1
982,A5
983,A1
984,A5
985,A1
986,A1
987,A3
988,A3
989,A1
990,A1
991,A1
992,A5
993,A1
994,A3
995,A1
996,A2
997,A1
998,A1
999,A1
1000,A1
1001,A1
1002,A1
1003,A3
1004,A1
1005,A1
1006,A1
1007,A1
1008,A2
1009,A1
1010,A5
1011,A1
1012,A3
1013,A1
1014,A1
1015,A1
1016,A1
1017,A1
1018,A1
1019,A1
1020,A1
1021,A1
1022,A1
1023,A1
1024,A1
1025,A1
1026,A1
1027,A4
1028,A1
1029,A1
1030,A1
1031,A1
1032,A1
1033,A5
1034,A1
1035,A1
1036,A4
1037,A1
1038,A1
1039,A1
1040,A1
1041,A1
1042,A3
1043,A1
1044,A1
1045,A1
1046,A1
1047,A1
1048,A1
1049,A1
1050,A1
1051,A1
1052,A3
1053,A4
1054,A1
1055,A1
1056,A1
1057,A1
1058,A1
1059,A1
1060,A1
1061,A1
1062,A1
1063,A5
1064,A3
1065,A1
1066,A1
1067,A1
1068,A1
1069,A1
1070,A1
1071,A1
1072,A1
1073,A1
1074,A1
1075,A1
1076,A1
1077,A1
1078,A1
1079,A1
1080,A4
1081,A3
1082,A1
1083,A5
1084,A5
1085,A5
1086,A5
1087,A1
1088,A1
1089,A1
1090,A1
1091,A1
1092,A1
1093,A1
1094,A1
1095,A1
1096,A1
1097,A1
1098,A1
1099,A1
1100,A5
1101,A5
1102,A1
1103,A4
1104,A1
1105,A1
1106,A1
1107,A1
1108,A1
1109,A1
1110,A1
1111,A1
1112,A4
1113,A1
1114,A1
1115,A1
1116,A1
1117,A1
1118,A1
1119,A1
1120,A1
1121,A1
1122,A1
1123,A1
1124,A1
1125,A1
1126,A5
1127,A1
1128,A1
1129,A3
1130,A5
1131,A1
1132,A1
1133,A1
1134,A1
1135,A1
1136,A5
1137,A1
1138,A1
1139,A1
1140,A3
1141,A4
1142,A1
1143,A1
1144,A1
1145,A1
1146,A1
1147,A4
1148,A1
1149,A1
1150,A4
1151,A1
1152,A4
1153,A1
1154,A1
1155,A4
1156,A1
1157,A1
1158,A1
1159,A4
1160,A1
1161,A4
1162,A3
1163,A1
1164,A1
1165,A1
1166,A1
1167,A1
1168,A1
1169,A1
1170,A1
1171,A1
1172,A1
1173,A3
1174,A1
1175,A1
1176,A1
1177,A5
1178,A1
1179,A1
1180,A1
1181,A4
1182,A1
1183,A1
1184,A1
1185,A1
1186,A1
1187,A1
1188,A1
1189,A2
1190,A1
1191,A1
1192,A1
1193,A1
1194,A1
1195,A3
1196,A1
1197,A1
1198,A1
1199,A1
1200,A1
1201,A3
1202,A1
1203,A1
1204,A1
1205,A1
1206,A1
1207,A3
1208,A2
1209,A5
1210,A1
1211,A1
1212,A1
1213,A4
1214,A1
1215,A1
1216,A1
1217,A3
1218,A1
1219,A3
1220,A1
1221,A3
1222,A3
1223,A1
1224,A1
1225,A1
1226,A3
1227,A1
1228,A1
1229,A3
1230,A1
1231,A3
1232,A4
1233,A2
1234,A3
1235,A1
1236,A1
1237,A1
1238,A3
1239,A3
1240,A3
1241,A1
1242,A3
1243,A1
1244,A3
1245,A3
1246,A1
1247,A2
1248,A1
1249,A1
1250,A3
1251,A1
1252,A3
1253,A3
1254,A4
1255,A1
1256,A1
1257,A3
1258,A1
1259,A3
1260,A3
1261,A3
1262,A1
1263,A3
1264,A3
1265,A1
1266,A4
1267,A1
1268,A1
1269,A3
1270,A1
1271,A3
1272,A3
1273,A1
1274,A3
1275,A1
1276,A3
1277,A3
1278,A3
1279,A1
1280,A3
1281,A1
1282,A1
1283,A1
1284,A3
1285,A3
1286,A3
1287,A3
1288,A3
1289,A3
1290,A3
1291,A2
1292,A3
1293,A3
1294,A3
1295,A3
1296,A3
1297,A3
1298,A3
1299,A3
1300,A3
1301,A3
1302,A3
1303,A3
1304,A3
1305,A3
1306,A3
1307,A3
1308,A3
1309,A4
1310,A3
1311,A3
1312,A3
1313,A3
1314,A1
1315,A4
1316,A3
1317,A3
1318,A3
1319,A3
1320,A3
1321,A3
1322,A3
1323,A3
1324,A3
1325,A3
1326,A1
1327,A3
1328,A3
1329,A3
1330,A1
1331,A3
1332,A3
1333,A3
1334,A3
1335,A3
1336,A3
1337,A3
1338,A3
1339,A3
1340,A1
1341,A1
1342,A3
1343,A1
1344,A3
1345,A3
1346,A3
1347,A1
1348,A3
1349,A3
1350,A4
1351,A3
1352,A1
1353,A3
1354,A3
1355,A3
1356,A3
1357,A3
1358,A3
1359,A3
1360,A3
1361,A3
1362,A3
1363,A3
1364,A5
1365,A3
1366,A2
1367,A1
1368,A3
1369,A3
1370,A3
1371,A3
1372,A3
1373,A3
1374,A3
1375,A3
1376,A3
1377,A3
1378,A3
1379,A3
1380,A3
1381,A3
1382,A3
1383,A3
1384,A3
1385,A3
1386,A3
1387,A3
1388,A3
1389,A3
1390,A3
1391,A3
1392,A3
1393,A1
1394,A3
1395,A3
1396,A3
1397,A1
1398,A3
1399,A3
1400,A3
1401,A3
1402,A3
1403,A3
1404,A4
1405,A1
1406,A3
1407,A3
1408,A3
1409,A3
1410,A3
1411,A1
1412,A3
1413,A3
1414,A3
1415,A1
1416,A3
1417,A1
1418,A3
1419,A3
1420,A3
1421,A3
1422,A3
1423,A1
1424,A3
1425,A3
1426,A3
1427,A3
1428,A3
1429,A3
1430,A3
1431,A3
1432,A3
1433,A3
1434,A3
1435,A3
1436,A3
1437,A3
1438,A3
1439,A4
1440,A3
1441,A3
1442,A3
1443,A3
1444,A3
1445,A3
1446,A1
1447,A4
1448,A4
1449,A3
1450,A1
1451,A3
1452,A1
1453,A5
1454,A3
1455,A3
1456,A3
1457,A3
1458,A3
1459,A3
1460,A3
1461,A3
1462,A3
1463,A3
1464,A3
1465,A3
1466,A1
1467,A3
1468,A5
1469,A3
1470,A4
1471,A3
1472,A3
1473,A1
1474,A3
1475,A1
1476,A1
1477,A3
1478,A3
1479,A3
1480,A3
1481,A3
1482,A3
1483,A3
1484,A1
1485,A3
1486,A3
1487,A1
1488,A1
1489,A3
1490,A3
1491,A3
1492,A1
1493,A3
1494,A3
1495,A3
1496,A3
1497,A1
1498,A3
1499,A1
1500,A3
1501,A1
1502,A1
1503,A1
1504,A3
1505,A5
1506,A1
1507,A3
1508,A3
1509,A3
1510,A3
1511,A1
1512,A3
1513,A3
1514,A4
1515,A3
1516,A3
1517,A1
1518,A1
1519,A3
1520,A1
1521,A3
1522,A3
1523,A3
1524,A1
1525,A1
1526,A3
1527,A3
1528,A3
1529,A1
1530,A3
1531,A1
1532,A1
1533,A3
1534,A3
1535,A3
1536,A3
1537,A3
1538,A4
1539,A3
1540,A4
1541,A3
1542,A3
1543,A1
1544,A4
1545,A3
1546,A3
1547,A3
1548,A3
1549,A3
1550,A3
1551,A4
1552,A3
1553,A3
1554,A3
1555,A3
1556,A1
1557,A3
1558,A1
1559,A5
1560,A4
1561,A3
1562,A3
1563,A3
1564,A3
1565,A4
1566,A3
1567,A4
1568,A2
1569,A3
1570,A3
1571,A3
1572,A4
1573,A3
1574,A3
1575,A1
1576,A3
1577,A1
1578,A3
1579,A3
1580,A3
1581,A3
1582,A4
1583,A3
1584,A3
1585,A3
1586,A3
1587,A5
1588,A1
1589,A3
1590,A3
1591,A3
1592,A1
1593,A3
1594,A3
1595,A3
1596,A3
1597,A1
1598,A3
1599,A3
1600,A1
1601,A3
1602,A4
1603,A1
1604,A3
1605,A2
1606,A1
1607,A3
1608,A3
1609,A1
1610,A3
1611,A4
1612,A3
1613,A1
1614,A3
1615,A2
1616,A3
1617,A4
1618,A3
1619,A3
1620,A3
1621,A3
1622,A5
1623,A1
1624,A3
1625,A3
1626,A3
1627,A3
1628,A3
1629,A4
1630,A3
1631,A3
1632,A1
1633,A3
1634,A3
1635,A2
1636,A4
1637,A1
1638,A1
1639,A4
1640,A1
1641,A4
1642,A3
1643,A2
1644,A3
1645,A3
1646,A4
1647,A2
1648,A3
1649,A4
1650,A4
1651,A4
1652,A3
1653,A3
1654,A1
1655,A1
1656,A1
1657,A1
1658,A1
1659,A3
1660,A3
1661,A3
1662,A2
1663,A1
1664,A3
1665,A4
1666,A1
1667,A4
1668,A4
1669,A3
1670,A1
1671,A3
1672,A3
1673,A1
1674,A4
1675,A1
1676,A3
1677,A4
1678,A3
1679,A2
1680,A1
1681,A4
1682,A3
1683,A4
1684,A4
1685,A2
1686,A1
1687,A4
1688,A4
1689,A1
1690,A1
1691,A1
1692,A3
1693,A3
1694,A1
1695,A3
1696,A4
1697,A3
1698,A1
1699,A5
1700,A1
1701,A5
1702,A3
1703,A4
1704,A3
1705,A3
1706,A2
1707,A1
1708,A2
1709,A4
1710,A4
1711,A3
1712,A1
1713,A3
1714,A3
1715,A3
1716,A1
1717,A1
1718,A3
1719,A2
1720,A3
1721,A3
1722,A1
1723,A4
1724,A5
1725,A1
1726,A2
1727,A3
1728,A4
1729,A3
1730,A4
1731,A3
1732,A3
1733,A5
1734,A5
1735,A5
1736,A1
1737,A1
1738,A3
1739,A1
1740,A4
1741,A4
1742,A5
1743,A1
1744,A1
1745,A5
1746,A2
1747,A3
1748,A3
1749,A3
1750,A4
1751,A1
1752,A4
1753,A5
1754,A5
1755,A1
1756,A1
1757,A3
1758,A5
1759,A4
1760,A1
1761,A4
1762,A5
1763,A3
1764,A5
1765,A1
1766,A4
1767,A1
1768,A1
1769,A5
1770,A1
1771,A5
1772,A3
1773,A3
1774,A3
1775,A5
1776,A3
1777,A5
1778,A3
1779,A2
1780,A5
1781,A1
1782,A3
1783,A4
1784,A5
1785,A5
1786,A3
1787,A5
1788,A3
1789,A4
1790,A1
1791,A4
1792,A1
1793,A1
1794,A3
1795,A1
1796,A5
1797,A3
1798,A1
1799,A5
1800,A1
1801,A5
1802,A5
1803,A3
1804,A1
1805,A5
1806,A5
1807,A1
1808,A3
1809,A1
1810,A4
1811,A5
1812,A5
1813,A1
1814,A1
1815,A1
1816,A3
1817,A5
1818,A5
1819,A1
1820,A3
1821,A1
1822,A5
1823,A3
1824,A5
1825,A5
1826,A1
1827,A1
1828,A5
1829,A1
1830,A1
1831,A5
1832,A4
1833,A1
1834,A3
1835,A4
1836,A3
1837,A4
1838,A5
1839,A1
1840,A5
1841,A3
1842,A5
1843,A3
1844,A1
1845,A5
1846,A3
1847,A5
1848,A5
1849,A1
1850,A5
1851,A5
1852,A5
1853,A1
1854,A1
1855,A5
1856,A5
1857,A5
1858,A1
1859,A4
1860,A5
1861,A5
1862,A4
1863,A1
1864,A5
1865,A5
1866,A5
1867,A5
1868,A1
1869,A5
1870,A5
1871,A1
1872,A5
1873,A1
1874,A5
1875,A5
1876,A5
1877,A1
1878,A1
1879,A4
1880,A5
1881,A5
1882,A5
1883,A5
1884,A1
1885,A5
1886,A4
1887,A5
1888,A1
1889,A5
1890,A1
1891,A5
1892,A1
1893,A5
1894,A5
1895,A5
1896,A1
1897,A1
1898,A5
1899,A1
1900,A5
1901,A1
1902,A1
1903,A4
1904,A4
1905,A1
1906,A4
1907,A3
1908,A5
1909,A5
1910,A1
1911,A4
1912,A1
1913,A5
1914,A1
1915,A4
1916,A5
1917,A4
1918,A1
1919,A5
1920,A3
1921,A1
1922,A5
1923,A1
1924,A4
1925,A5
1926,A4
1927,A4
1928,A4
1929,A5
1930,A1
1931,A5
1932,A5
1933,A5
1934,A1
1935,A1
1936,A1
1937,A1
1938,A4
1939,A1
1940,A1
1941,A1
1942,A1
1943,A5
1944,A1
1945,A1
1946,A5
1947,A1
1948,A4
1949,A1
1950,A1
1951,A1
1952,A5
1953,A1
1954,A5
1955,A1
1956,A4
1957,A2
1958,A1
1959,A1
1960,A1
1961,A4
1962,A1
1963,A4
1964,A5
1965,A1
1966,A1
1967,A1
1968,A1
1969,A1
1970,A1
1971,A3
1972,A1
1973,A1
1974,A1
1975,A5
1976,A1
1977,A1
1978,A1
1979,A1
1980,A1
1981,A2
1982,A1
1983,A1
1984,A1
1985,A1
1986,A5
1987,A1
1988,A1
1989,A1
1990,A1
1991,A1
1992,A1
1993,A1
1994,A3
1995,A1
1996,A1
1997,A1
1998,A1
1999,A1
2000,A1
2001,A4
2002,A1
2003,A1
2004,A1
2005,A1
2006,A1
2007,A1
2008,A1
2009,A1
2010,A4
2011,A1
2012,A1
2013,A1
2014,A1
2015,A1
2016,A1
2017,A1
2018,A4
2019,A1
2020,A5
2021,A1
2022,A5
2023,A1
2024,A5
2025,A1
2026,A1
2027,A1
2028,A1
2029,A1
2030,A1
2031,A1
2032,A4
2033,A5
2034,A1
2035,A1
2036,A1
2037,A3
2038,A5
2039,A5
2040,A1
2041,A5
2042,A1
2043,A3
2044,A1
2045,A5
2046,A1
2047,A1
2048,A1
2049,A1
2050,A1
2051,A3
2052,A1
2053,A5
2054,A1
2055,A5
2056,A1
2057,A1
2058,A5
2059,A1
2060,A1
2061,A4
2062,A5
2063,A1
2064,A1
2065,A1
2066,A4
2067,A1
2068,A1
2069,A4
2070,A4
2071,A1
2072,A1
2073,A3
2074,A5
2075,A5
2076,A1
2077,A5
2078,A5
2079,A1
2080,A1
2081,A4
2082,A3
2083,A1
2084,A1
2085,A1
2086,A5
2087,A1
2088,A5
2089,A1
2090,A4
2091,A1
2092,A1
2093,A1
2094,A3
2095,A5
2096,A1
2097,A1
2098,A5
2099,A4
2100,A4
2101,A1
2102,A4
2103,A4
2104,A5
2105,A5
2106,A1
2107,A5
2108,A4
2109,A1
2110,A4
2111,A5
2112,A1
2113,A1
2114,A1
2115,A4
2116,A4
2117,A4
2118,A1
2119,A5
2120,A1
2121,A4
2122,A5
2123,A1
2124,A1
2125,A1
2126,A1
2127,A1
2128,A1
2129,A4
2130,A3
2131,A4
2132,A3
2133,A1
2134,A5
2135,A3
2136,A5
2137,A3
2138,A4
2139,A4
2140,A5
2141,A4
2142,A4
2143,A4
2144,A4
2145,A1
2146,A1
2147,A4
2148,A3
2149,A4
2150,A4
2151,A4
2152,A1
2153,A4
2154,A4
2155,A1
2156,A4
2157,A4
2158,A1
2159,A1
2160,A4
2161,A4
2162,A5
2163,A5
2164,A5
2165,A4
2166,A1
2167,A3
2168,A4
2169,A4
2170,A4
2171,A4
2172,A1
2173,A1
2174,A4
2175,A5
2176,A4
2177,A1
2178,A5
2179,A1
2180,A1
2181,A4
2182,A1
2183,A3
2184,A4
2185,A3
2186,A4
2187,A4
2188,A1
2189,A4
2190,A5
2191,A3
2192,A5
2193,A5
2194,A3
2195,A4
2196,A4
2197,A4
2198,A5
2199,A1
2200,A3
2201,A3
2202,A5
2203,A5
2204,A4
2205,A4
2206,A3
2207,A4
2208,A5
2209,A4
2210,A1
2211,A3
2212,A5
2213,A1
2214,A4
2215,A4
2216,A5
2217,A4
2218,A3
2219,A4
2220,A5
2221,A5
2222,A4
2223,A4
2224,A3
2225,A5
2226,A4
2227,A3
2228,A3
2229,A5
2230,A4
2231,A4
2232,A5
2233,A4
2234,A4
2235,A1
2236,A3
2237,A1
2238,A3
2239,A3
2240,A5
2241,A3
2242,A4
2243,A5
2244,A5
2245,A1
2246,A5
2247,A4
2248,A5
2249,A5
2250,A4
2251,A1
2252,A5
2253,A4
2254,A5
2255,A5
2256,A5
2257,A5
2258,A4
2259,A3
2260,A3
2261,A5
2262,A5
2263,A1
2264,A4
2265,A5
2266,A5
2267,A3
2268,A5
2269,A5
2270,A3
2271,A1
2272,A4
2273,A5
2274,A5
2275,A4
2276,A1
2277,A1
2278,A4
2279,A3
2280,A1
2281,A3
2282,A1
2283,A3
2284,A1
2285,A4
2286,A4
2287,A1
2288,A1
2289,A4
2290,A4
2291,A1
2292,A5
2293,A5
2294,A1
2295,A1
2296,A5
2297,A5
2298,A1
2299,A1
2300,A5
2301,A5
2302,A4
2303,A1
2304,A1
2305,A4
2306,A1
2307,A5
2308,A1
2309,A5
2310,A1
2311,A5
2312,A1
2313,A5
2314,A5
2315,A5
2316,A5
2317,A5
2318,A5
2319,A5
2320,A5
2321,A1
2322,A5
2323,A5
2324,A5
2325,A5
2326,A5
2327,A5
2328,A5
2329,A1
2330,A5
2331,A5
2332,A5
2333,A5
2334,A1
2335,A5
2336,A5
2337,A4
2338,A3
2339,A4
2340,A5
2341,A5
2342,A5
2343,A5
2344,A4
2345,A5
2346,A5
2347,A5
2348,A4
2349,A5
2350,A5
2351,A5
2352,A5
2353,A5
2354,A5
2355,A5
2356,A5
2357,A1
2358,A4
2359,A3
2360,A3
2361,A5
2362,A5
2363,A1
2364,A5
2365,A5
2366,A5
2367,A5
2368,A5
2369,A5
2370,A5
2371,A5
2372,A5
2373,A5
2374,A5
2375,A5
2376,A5
2377,A5
2378,A5
2379,A5
2380,A5
2381,A5
2382,A5
2383,A5
2384,A5
2385,A5
2386,A5
2387,A5
2388,A5
2389,A5
2390,A5
2391,A5
2392,A5
2393,A4
2394,A5
2395,A5
2396,A5
2397,A5
2398,A5
2399,A5
2400,A1
2401,A5
2402,A5
2403,A5
2404,A5
2405,A5
2406,A5
2407,A5
2408,A3
2409,A5
2410,A5
2411,A4
2412,A5
2413,A5
2414,A3
2415,A5
2416,A5
2417,A5
2418,A5
2419,A5
2420,A5
2421,A5
2422,A5
2423,A5
2424,A5
2425,A5
2426,A5
2427,A5
2428,A5
2429,A5
2430,A5
2431,A5
2432,A5
2433,A5
2434,A5
2435,A5
2436,A5
2437,A5
2438,A5
2439,A5
2440,A5
2441,A5
2442,A5
2443,A5
2444,A5
2445,A5
2446,A5
2447,A5
2448,A5
2449,A5
2450,A5
2451,A5
2452,A5
2453,A5
2454,A5
2455,A5
2456,A5
2457,A5
2458,A5
2459,A5
2460,A5
2461,A5
2462,A5
2463,A5
2464,A5
2465,A5
2466,A5
2467,A5
2468,A5
2469,A5
2470,A5
2471,A5
2472,A5
2473,A5
2474,A5
2475,A5
2476,A5
2477,A4
2478,A5
2479,A5
2480,A3
2481,A5
2482,A5
2483,A5
2484,A5
2485,A5
2486,A5
2487,A1
2488,A3
2489,A5
2490,A5
2491,A5
2492,A5
2493,A5
2494,A5
2495,A5
2496,A1
2497,A5
2498,A5
2499,A5
2500,A5
2501,A4
2502,A5
2503,A5
2504,A1
2505,A5
2506,A5
2507,A1
2508,A5
2509,A5
2510,A5
2511,A5
2512,A5
2513,A5
2514,A5
2515,A5
2516,A5
2517,A5
2518,A5
2519,A5
2520,A5
2521,A5
2522,A4
2523,A5
2524,A5
2525,A5
2526,A5
2527,A5
2528,A5
2529,A5
2530,A5
2531,A5
2532,A5
2533,A5
2534,A5
2535,A5
2536,A5
2537,A5
2538,A5
2539,A4
2540,A5
2541,A5
2542,A5
2543,A5
2544,A5
2545,A5
2546,A5
2547,A5
2548,A5
2549,A5
2550,A5
2551,A5
2552,A5
2553,A4
2554,A5
2555,A5
2556,A5
2557,A5
2558,A5
2559,A5
2560,A5
2561,A5
2562,A5
2563,A5
2564,A4
2565,A5
2566,A5
2567,A5
2568,A1
2569,A5
2570,A5
2571,A5
2572,A5
2573,A5
2574,A5
2575,A5
2576,A1
2577,A5
2578,A5
2579,A4
2580,A5
2581,A5
2582,A5
2583,A5
2584,A5
2585,A5
2586,A5
2587,A5
2588,A5
2589,A5
2590,A5
2591,A5
2592,A1
2593,A5
2594,A5
2595,A5
2596,A5
2597,A5
2598,A5
2599,A5
2600,A5
2601,A5
2602,A1
2603,A5
2604,A5
2605,A5
2606,A5
2607,A5
2608,A5
2609,A5
2610,A5
2611,A5
2612,A1
2613,A5
2614,A5
2615,A5
2616,A5
2617,A5
2618,A5
2619,A5
2620,A5
2621,A5
2622,A5
2623,A5
2624,A4
2625,A1
2626,A5
2627,A5
2628,A5
2629,A5
2630,A4
2631,A5
2632,A5
2633,A5
2634,A5
2635,A5
2636,A5
2637,A5
2638,A5
2639,A5
2640,A5
2641,A5
2642,A5
2643,A5
2644,A5
2645,A5
2646,A5
2647,A5
2648,A5
2649,A5
2650,A5
2651,A5
2652,A3
2653,A1
2654,A5
2655,A5
2656,A4
2657,A5
2658,A5
2659,A5
2660,A5
2661,A5
2662,A5
2663,A5
2664,A5
2665,A5
2666,A5
2667,A5
2668,A5
2669,A5
2670,A5
2671,A5
2672,A5
2673,A5
2674,A5
2675,A5
2676,A5
2677,A5
2678,A5
2679,A5
2680,A5
2681,A5
2682,A5
2683,A5
2684,A5
2685,A5
2686,A5
2687,A5
2688,A5
2689,A5
2690,A5
2691,A5
2692,A5
2693,A5
2694,A5
2695,A5
2696,A5
2697,A5
2698,A5
2699,A5
2700,A5
2701,A5
2702,A5
2703,A5
2704,A5
2705,A5
2706,A5
2707,A5
2708,A5
2709,A5
2710,A5
2711,A5
2712,A5
2713,A5
2714,A3
2715,A5
2716,A5
2717,A5
2718,A5
2719,A5
2720,A4
2721,A5
2722,A5
2723,A5
2724,A5
2725,A5
2726,A5
2727,A5
2728,A5
2729,A5
2730,A5
2731,A5
2732,A5
2733,A5
2734,A5
2735,A5
2736,A5
2737,A5
2738,A5
2739,A5
2740,A5
2741,A5
2742,A5
2743,A5
2744,A5
2745,A4
2746,A5
2747,A5
2748,A5
2749,A5
2750,A5
2751,A5
2752,A5
2753,A5
2754,A5
2755,A5
2756,A5
2757,A5
2758,A5
2759,A5
2760,A5
2761,A5
2762,A5
2763,A5
2764,A5
2765,A5
2766,A5
2767,A5
2768,A5
2769,A5
2770,A5
2771,A5
2772,A5
2773,A5
2774,A5
2775,A5
2776,A5
2777,A5
2778,A5
2779,A5
2780,A5
2781,A5
2782,A4
2783,A5
2784,A4
2785,A5
2786,A5
2787,A5
2788,A5
2789,A5
2790,A5
2791,A5
2792,A5
2793,A5
2794,A5
2795,A5
2796,A5
2797,A5
2798,A5
2799,A5
2800,A5
2801,A5
2802,A5
2803,A5
2804,A5
2805,A4
2806,A5
2807,A5
2808,A5
2809,A5
2810,A5
2811,A5
2812,A5
2813,A5
2814,A5
2815,A5
2816,A5
2817,A5
2818,A5
2819,A5
2820,A5
2821,A5
2822,A5
2823,A5
2824,A5
2825,A4
2826,A5
2827,A5
2828,A4
2829,A5
2830,A5
2831,A5
2832,A5
2833,A5
2834,A5
2835,A5
2836,A5
2837,A5
2838,A5
2839,A5
2840,A5
2841,A5
2842,A5
2843,A5
2844,A4
2845,A5
2846,A5
2847,A5
2848,A5
2849,A5
2850,A1
2851,A4
2852,A5
2853,A5
2854,A5
2855,A5
2856,A5
2857,A5
2858,A5
2859,A5
2860,A5
2861,A5
2862,A5
2863,A1
2864,A5
2865,A5
2866,A5
2867,A5
2868,A5
2869,A5
2870,A5
2871,A5
2872,A5
2873,A1
2874,A5
2875,A5
2876,A5
2877,A5
2878,A5
2879,A5
2880,A5
2881,A5
2882,A5
2883,A5
2884,A5
2885,A5
2886,A5
2887,A5
2888,A5
2889,A5
2890,A5
2891,A5
2892,A5
2893,A5
2894,A5
2895,A5
2896,A5
2897,A5
2898,A5
2899,A5
2900,A5
2901,A5
2902,A5
2903,A5
2904,A5
2905,A4
2906,A4
2907,A5
2908,A5
2909,A5
2910,A5
2911,A5
2912,A5
2913,A5
2914,A5
2915,A5
2916,A5
2917,A5
2918,A5
2919,A5
2920,A5
2921,A5
2922,A5
2923,A5
2924,A5
2925,A5
2926,A5
2927,A5
2928,A5
2929,A5
2930,A5
2931,A5
2932,A5
2933,A4
2934,A5
2935,A5
2936,A4
2937,A5
2938,A5
2939,A5
2940,A5
2941,A5
2942,A5
2943,A4
2944,A4
2945,A5
2946,A5
2947,A5
2948,A5
2949,A5
2950,A5
2951,A5
2952,A5
2953,A5
2954,A5
2955,A5
2956,A5
2957,A5
2958,A5
2959,A5
2960,A5
2961,A5
2962,A5
2963,A5
2964,A5
2965,A5
2966,A5
2967,A4
2968,A5
2969,A5
2970,A5
2971,A4
2972,A5
2973,A5
2974,A5
2975,A5
2976,A5
2977,A5
2978,A5
2979,A5
2980,A5
2981,A5
2982,A5
2983,A5
2984,A5
2985,A5
2986,A5
2987,A5
2988,A5
2989,A5
2990,A5
2991,A5
2992,A5
2993,A5
2994,A5
2995,A5
2996,A4
2997,A5
2998,A5
2999,A3
3000,A4
3001,A5
3002,A5
3003,A5
3004,A5
3005,A5
3006,A4
3007,A5
3008,A5
3009,A4
3010,A5
3011,A5
3012,A5
3013,A5
3014,A5
3015,A5
3016,A5
3017,A5
3018,A4
3019,A5
3020,A5
3021,A5
3022,A5
3023,A5
3024,A5
3025,A5
3026,A5
3027,A5
3028,A5
3029,A4
3030,A5
3031,A5
3032,A5
3033,A4
3034,A4
3035,A5
3036,A5
3037,A5
3038,A5
3039,A5
3040,A5
3041,A5
3042,A5
3043,A5
3044,A5
3045,A1
3046,A5
3047,A4
3048,A5
3049,A5
3050,A4
3051,A5
3052,A5
3053,A4
3054,A5
3055,A5
3056,A5
3057,A4
3058,A5
3059,A5
3060,A5
3061,A4
3062,A5
3063,A5
3064,A5
3065,A5
3066,A5
3067,A5
3068,A5
3069,A4
3070,A5
3071,A5
3072,A5
3073,A5
3074,A5
3075,A5
3076,A5
3077,A5
3078,A5
3079,A5
3080,A5
3081,A4
3082,A5
3083,A5
3084,A5
3085,A5
3086,A5
3087,A5
3088,A5
3089,A3
3090,A5
3091,A5
3092,A4
3093,A5
3094,A5
3095,A5
3096,A5
3097,A5
3098,A5
3099,A5
3100,A5
3101,A5
3102,A4
3103,A4
3104,A5
3105,A5
3106,A5
3107,A5
3108,A1
3109,A5
3110,A1
3111,A5
3112,A4
3113,A4
3114,A5
3115,A5
3116,A5
3117,A4
3118,A5
3119,A5
3120,A4
3121,A5
3122,A5
3123,A5
3124,A5
3125,A4
3126,A5
3127,A5
3128,A5
3129,A5
3130,A4
3131,A5
3132,A5
3133,A5
3134,A5
3135,A5
3136,A5
3137,A4
3138,A5
3139,A5
3140,A5
3141,A5
3142,A4
3143,A5
3144,A5
3145,A4
3146,A5
3147,A5
3148,A5
3149,A5
3150,A5
3151,A4
3152,A5
3153,A4
3154,A5
3155,A4
3156,A4
3157,A5
3158,A5
3159,A5
3160,A4
3161,A5
3162,A5
3163,A4
3164,A5
3165,A5
3166,A5
3167,A5
3168,A4
3169,A5
3170,A4
3171,A5
3172,A5
3173,A5
3174,A3
3175,A5
3176,A5
3177,A4
3178,A5
3179,A5
3180,A5
3181,A4
3182,A5
3183,A5
3184,A4
3185,A5
3186,A5
3187,A4
3188,A5
3189,A5
3190,A5
3191,A4
3192,A5
3193,A5
3194,A5
3195,A4
3196,A5
3197,A5
3198,A5
3199,A5
3200,A5
3201,A5
3202,A5
3203,A5
3204,A5
3205,A5
3206,A5
3207,A4
3208,A5
3209,A5
3210,A5
3211,A4
3212,A5
3213,A4
3214,A5
3215,A4
3216,A4
3217,A5
3218,A5
3219,A5
3220,A5
3221,A5
3222,A4
3223,A5
3224,A5
3225,A4
3226,A5
3227,A4
3228,A5
3229,A5
3230,A5
3231,A5
3232,A5
3233,A5
3234,A4
3235,A5
3236,A5
3237,A4
3238,A5
3239,A5
3240,A5
3241,A4
3242,A5
3243,A5
3244,A5
3245,A5
3246,A4
3247,A5
3248,A4
3249,A5
3250,A5
3251,A5
3252,A4
3253,A5
3254,A5
3255,A1
3256,A5
3257,A5
3258,A5
3259,A5
3260,A4
3261,A5
3262,A5
3263,A5
3264,A4
3265,A4
3266,A5
3267,A5
3268,A5
3269,A5
3270,A5
3271,A5
3272,A5
3273,A5
3274,A5
3275,A5
3276,A5
3277,A5
3278,A5
3279,A4
3280,A5
3281,A5
3282,A5
3283,A5
3284,A5
3285,A5
3286,A5
3287,A5
3288,A5
3289,A1
3290,A5
3291,A5
3292,A5
3293,A4
3294,A4
3295,A5
3296,A4
3297,A5
3298,A5
3299,A5
3300,A5
3301,A5
3302,A5
3303,A5
3304,A5
3305,A5
3306,A4
3307,A5
3308,A5
3309,A5
3310,A5
3311,A4
3312,A5
3313,A5
3314,A5
3315,A4
3316,A5
3317,A5
3318,A5
3319,A5
3320,A4
3321,A1
3322,A5
3323,A5
3324,A5
3325,A5
3326,A5
3327,A5
3328,A5
3329,A5
3330,A5
3331,A4
3332,A5
3333,A5
3334,A4
3335,A5
3336,A5
3337,A5
3338,A4
3339,A5
3340,A5
3341,A5
3342,A3
3343,A5
3344,A5
3345,A5
3346,A5
3347,A4
3348,A5
3349,A5
3350,A5
3351,A5
3352,A5
3353,A5
3354,A1
3355,A4
3356,A5
3357,A5
3358,A1
3359,A5
3360,A5
3361,A1
3362,A5
3363,A5
3364,A5
3365,A1
3366,A5
3367,A4
3368,A5
3369,A5
3370,A5
3371,A5
3372,A1
3373,A1
3374,A5
3375,A5
3376,A5
3377,A5
3378,A4
3379,A1
3380,A5
3381,A4
3382,A5
3383,A5
3384,A5
3385,A3
3386,A5
3387,A5
3388,A5
3389,A5
3390,A4
3391,A5
3392,A1
3393,A5
3394,A5
3395,A5
3396,A4
3397,A5
3398,A5
3399,A4
3400,A4
3401,A5
3402,A5
3403,A5
3404,A5
3405,A5
3406,A5
3407,A5
3408,A1
3409,A5
3410,A5
3411,A5
3412,A5
3413,A5
3414,A4
3415,A5
3416,A5
3417,A5
3418,A5
3419,A5
3420,A4
3421,A5
3422,A5
3423,A4
3424,A4
3425,A5
3426,A5
3427,A5
3428,A5
3429,A5
3430,A5
3431,A5
3432,A5
3433,A5
3434,A5
3435,A5
3436,A4
3437,A5
3438,A5
3439,A5
3440,A4
3441,A5
3442,A5
3443,A5
3444,A4
3445,A5
3446,A5
3447,A5
3448,A5
3449,A4
3450,A5
3451,A5
3452,A5
3453,A5
3454,A4
3455,A5
3456,A5
3457,A5
3458,A5
3459,A5
3460,A5
3461,A3
3462,A5
3463,A5
3464,A5
3465,A4
3466,A5
3467,A5
3468,A5
3469,A5
3470,A3
3471,A5
3472,A5
3473,A5
3474,A4
3475,A5
3476,A5
3477,A4
3478,A5
3479,A5
3480,A5
3481,A3
3482,A5
3483,A5
3484,A5
3485,A4
3486,A5
3487,A5
3488,A3
3489,A3
3490,A3
3491,A3
3492,A3
3493,A5
3494,A3
3495,A5
3496,A3
3497,A3
3498,A5
3499,A5
3500,A5
3501,A5
